x,green_min_y,green_max_y,red_min_y,red_max_y,blue_min_y,blue_max_y,magenta_min_y,magenta_max_y
53,256.0,256.0,257.0,259.0,255.0,255.0,260,261
54,256.0,256.0,257.0,257.0,255.0,255.0,258,261
55,256.0,256.0,257.0,257.5,255.0,255.0,257,261
56,256.0,256.0,257.0,258.0,255.0,255.0,259,261
57,255.0,256.0,257.0,257.0,255.0,255.0,258,261
58,254.0,256.0,257.0,257.5,255.0,255.0,257,261
59,255.0,256.0,257.0,258.0,255.0,255.0,259,261
60,256.0,256.0,257.0,258.0,255.0,255.0,259,261
61,255.0,256.0,257.0,257.0,255.0,255.0,258,261
62,254.0,256.0,257.0,257.5,255.0,255.0,257,261
63,255.0,256.0,257.0,258.0,255.0,255.0,259,261
64,256.0,256.0,257.0,258.0,255.0,255.0,259,261
65,256.0,256.0,257.0,257.0,255.0,255.0,258,261
66,255.0,256.0,257.0,257.5,255.14285714285714,255.14285714285714,257,261
67,256.0,256.0,257.0,258.0,255.28571428571428,255.28571428571428,259,261
68,256.0,256.0,257.0,257.0,255.42857142857142,255.42857142857142,258,261
69,255.0,256.0,257.0,257.5,255.57142857142858,255.57142857142858,257,261
70,256.0,256.0,257.0,258.0,255.71428571428572,255.71428571428572,259,261
71,256.0,256.0,257.0,258.0,255.85714285714286,255.85714285714286,259,261
72,256.0,256.0,257.0,257.0,256.0,256.0,258,261
73,256.0,256.0,257.0,257.5,256.0,256.0,257,261
74,256.0,256.0,257.0,258.0,256.0,256.0,259,261
75,256.0,256.0,257.0,258.0,256.0,256.0,259,261
76,256.0,256.0,257.0,257.0,256.0,256.0,258,261
77,256.0,256.0,257.0,257.5,256.0,256.0,257,261
78,255.85714285714286,255.85714285714286,257.0,258.0,256.0,256.0,259,261
79,255.71428571428572,255.71428571428572,259.0,259.5,256.0,256.0,257,261
80,255.57142857142858,255.57142857142858,261.0,261.0,255.875,255.875,256,260
81,255.42857142857142,255.42857142857142,257.0,261.0,255.75,255.75,258,260
82,255.28571428571428,255.28571428571428,256.0,261.0,255.625,255.625,258,260
83,255.14285714285714,255.14285714285714,256.0,256.0,255.5,255.5,257,260
84,255.0,255.0,256.0,256.5,255.375,255.375,256,260
85,254.85714285714286,254.85714285714286,256.0,257.0,255.25,255.25,258,260
86,254.71428571428572,254.71428571428572,256.0,256.0,255.125,255.125,257,260
87,254.57142857142858,254.57142857142858,260.0,260.0,255.0,255.0,256,259
88,254.42857142857142,254.42857142857142,260.0,260.0,254.66666666666666,254.66666666666666,255,259
89,254.28571428571428,254.28571428571428,255.0,260.0,254.33333333333334,254.33333333333334,257,259
90,254.14285714285714,254.14285714285714,255.0,260.0,254.0,254.0,256,259
91,254.0,254.0,255.0,258.0,253.83870967741936,253.83870967741936,255,259
92,253.75,253.75,255.0,256.0,253.67741935483872,253.67741935483872,257,259
93,253.5,253.5,254.0,256.0,253.51612903225808,253.51612903225808,257,259
94,253.25,253.25,254.0,255.0,253.3548387096774,253.3548387096774,256,259
95,253.0,253.0,254.0,254.0,253.19354838709677,253.19354838709677,255,259
96,253.0,253.0,254.0,256.0,253.03225806451613,253.03225806451613,257,259
97,253.0,253.0,254.0,255.0,252.8709677419355,252.8709677419355,256,259
98,253.0,253.0,254.0,254.0,252.70967741935485,252.70967741935485,255,258
99,252.0,253.0,254.0,254.5,252.5483870967742,252.5483870967742,254,258
100,253.0,253.0,254.0,255.0,252.38709677419354,252.38709677419354,256,258
101,252.66666666666666,252.66666666666666,254.0,257.0,252.2258064516129,252.2258064516129,256,258
102,252.33333333333334,252.33333333333334,253.0,254.0,252.06451612903226,252.06451612903226,255,257
103,252.0,252.0,253.0,253.0,251.90322580645162,251.90322580645162,254,257
104,251.0,252.0,253.0,253.5,251.74193548387098,251.74193548387098,253,257
105,252.0,252.0,253.0,254.0,251.58064516129033,251.58064516129033,255,257
106,251.0,251.0,252.0,254.0,251.41935483870967,251.41935483870967,255,257
107,250.0,251.0,252.0,253.0,251.25806451612902,251.25806451612902,254,257
108,249.0,251.0,252.0,252.0,251.09677419354838,251.09677419354838,253,257
109,250.0,251.0,252.0,254.0,250.93548387096774,250.93548387096774,255,257
110,250.0,251.0,252.0,253.0,250.7741935483871,250.7741935483871,254,257
111,249.0,251.0,252.0,252.0,250.61290322580646,250.61290322580646,253,257
112,250.0,251.0,252.0,254.0,250.4516129032258,250.4516129032258,255,257
113,251.0,251.0,252.0,256.0,250.29032258064515,250.29032258064515,255,257
114,250.0,250.0,251.0,253.0,250.1290322580645,250.1290322580645,254,256
115,249.0,250.0,251.0,252.0,249.96774193548387,249.96774193548387,253,256
116,248.0,250.0,251.0,251.0,249.80645161290323,249.80645161290323,252,256
117,248.0,250.0,251.0,252.0,249.6451612903226,249.6451612903226,253,256
118,247.0,250.0,251.0,251.0,249.48387096774195,249.48387096774195,252,256
119,248.0,250.0,251.0,253.0,249.32258064516128,249.32258064516128,254,256
120,249.0,249.0,251.0,255.0,249.16129032258064,249.16129032258064,254,256
121,248.0,248.0,250.0,252.0,249.0,249.0,253,255
122,247.0,249.0,250.0,251.0,248.85714285714286,248.85714285714286,252,255
123,246.0,249.0,250.0,250.0,248.71428571428572,248.71428571428572,251,255
124,247.0,249.0,250.0,251.0,248.57142857142858,248.57142857142858,252,255
125,246.0,249.0,250.0,250.0,248.42857142857142,248.42857142857142,251,255
126,247.0,249.0,250.0,252.0,248.28571428571428,248.28571428571428,253,255
127,248.0,248.0,250.0,254.0,248.14285714285714,248.14285714285714,253,255
128,247.0,247.0,249.0,252.0,248.0,248.0,253,255
129,246.0,248.0,249.0,251.0,248.0,248.0,252,255
130,245.0,248.0,249.0,250.0,248.0,248.0,251,255
131,246.0,248.0,249.0,252.0,248.0,248.0,253,255
132,245.0,247.0,249.0,250.0,248.0,248.0,251,255
133,244.0,248.0,249.0,249.0,248.0,248.0,250,254
134,245.0,247.0,249.0,251.0,248.0,248.0,252,254
135,245.0,246.0,248.0,251.0,247.0,247.0,252,254
136,244.0,246.0,248.0,250.0,247.0,247.0,251,254
137,243.0,247.0,248.0,249.0,247.0,247.0,250,254
138,244.0,246.0,248.0,251.0,247.0,247.0,252,254
139,243.0,245.0,248.0,249.0,246.0,247.0,250,254
140,242.0,246.0,248.0,248.0,247.0,247.0,249,253
141,243.0,245.0,248.0,250.0,246.0,247.0,251,253
142,244.0,244.0,248.0,252.0,247.0,247.0,251,253
143,243.0,243.0,247.0,250.0,245.0,246.0,251,253
144,242.0,244.0,247.0,249.0,245.0,246.0,250,253
145,241.0,245.0,247.0,248.0,246.0,246.0,249,253
146,242.0,244.0,247.0,249.0,245.0,246.0,250,253
147,241.0,245.0,247.0,248.0,246.0,246.0,249,253
148,242.0,244.0,247.0,250.0,245.0,246.0,251,253
149,242.0,243.0,247.0,250.0,246.0,246.0,251,253
150,241.0,242.0,246.0,249.0,244.0,245.0,250,252
151,240.0,242.0,246.0,248.0,243.0,245.0,249,252
152,239.0,243.0,246.0,247.0,244.0,245.0,248,252
153,240.0,242.0,246.0,248.0,243.0,245.0,249,252
154,239.0,243.0,246.0,247.0,244.0,245.0,248,252
155,240.0,242.0,246.0,249.0,243.0,244.0,250,252
156,240.0,241.0,246.0,249.0,244.0,244.0,250,252
157,239.0,240.0,245.0,248.0,243.0,244.0,249,251
158,238.0,240.0,245.0,247.0,242.0,244.0,248,251
159,237.0,241.0,245.0,246.0,242.0,244.0,247,251
160,238.0,240.0,244.0,248.0,242.0,243.0,249,251
161,238.0,240.0,244.0,247.0,241.0,243.0,248,251
162,237.0,241.0,244.0,246.0,242.0,243.0,247,251
163,238.0,240.0,244.0,248.0,242.0,243.0,249,251
164,239.0,239.0,244.0,248.0,243.0,243.0,249,251
165,238.0,238.0,244.0,247.0,241.0,242.0,248,250
166,237.0,239.0,244.0,246.0,240.0,243.0,247,250
167,236.0,240.0,243.0,245.0,241.0,242.0,246,250
168,236.0,239.0,243.0,246.0,240.0,242.0,247,250
169,235.0,239.0,243.0,245.0,240.0,242.0,246,250
170,236.0,238.0,243.0,247.0,240.0,241.0,248,250
171,236.0,237.0,243.0,247.0,241.0,241.0,248,250
172,235.0,236.0,242.0,246.0,240.0,241.0,247,249
173,234.0,236.0,242.0,245.0,239.0,241.0,246,249
174,233.0,237.0,242.0,244.0,239.0,241.0,245,249
175,234.0,236.0,242.0,245.0,238.0,241.0,246,249
176,233.0,237.0,242.0,244.0,238.0,241.0,245,249
177,234.0,236.0,242.0,246.0,239.0,240.0,247,249
178,234.0,235.0,242.0,246.0,240.0,240.0,247,249
179,233.0,234.0,241.0,245.0,238.0,239.0,246,248
180,232.0,234.0,241.0,244.0,236.0,240.0,245,248
181,231.0,235.0,241.0,243.0,236.0,240.0,244,248
182,232.0,234.0,241.0,245.0,237.0,239.0,246,248
183,232.0,234.0,241.0,244.0,235.0,239.0,245,248
184,231.0,235.0,241.0,243.0,236.0,240.0,244,248
185,232.0,234.0,241.0,245.0,237.0,238.0,246,248
186,231.0,233.0,240.0,244.0,237.0,238.0,245,248
187,230.0,232.0,240.0,243.0,235.0,239.0,244,247
188,229.0,233.0,240.0,242.0,235.0,239.0,243,247
189,230.0,232.0,240.0,244.0,236.0,238.0,245,247
190,229.0,231.0,240.0,242.0,234.0,238.0,243,247
191,228.0,232.0,240.0,241.0,234.0,239.0,242,246
192,229.0,231.0,240.0,243.0,236.0,237.0,244,246
193,230.0,230.0,240.0,243.0,237.0,237.0,244,246
194,229.0,229.0,239.0,243.0,235.0,236.0,244,246
195,228.0,230.0,239.0,242.0,233.0,237.0,243,246
196,227.0,231.0,238.0,241.0,233.0,237.0,242,246
197,227.0,230.0,238.0,241.0,232.0,236.0,242,246
198,226.0,230.0,238.0,240.0,232.0,237.0,241,246
199,227.0,229.0,238.0,242.0,234.0,235.0,243,245
200,228.0,228.0,238.0,242.0,235.0,235.0,243,245
201,227.0,227.0,238.0,242.0,233.0,234.0,243,245
202,226.0,228.0,238.0,241.0,231.0,237.0,242,245
203,225.0,229.0,237.0,240.0,231.0,236.0,241,245
204,225.0,228.0,237.0,240.0,230.0,235.0,241,245
205,224.0,228.0,237.0,239.0,230.0,236.0,240,245
206,225.0,227.0,237.0,241.0,233.0,234.0,242,244
207,226.0,226.0,237.0,241.0,234.0,234.0,242,244
208,225.0,225.0,236.0,240.0,232.0,233.0,242,244
209,224.0,226.0,236.0,240.0,230.0,234.0,241,244
210,223.0,227.0,236.0,239.0,230.0,235.0,240,244
211,224.0,226.0,236.0,240.0,232.0,233.0,242,244
212,224.0,225.0,236.0,240.0,233.0,233.0,242,244
213,223.0,224.0,235.0,239.0,231.0,232.0,241,243
214,222.0,224.0,235.0,239.0,228.0,233.0,240,243
215,221.0,225.0,235.0,238.0,228.0,234.0,239,243
216,221.0,224.0,235.0,238.0,227.0,232.0,239,243
217,220.0,224.0,235.0,237.0,227.0,234.0,238,243
218,221.0,223.0,235.0,239.0,230.0,231.0,240,242
219,222.0,222.0,235.0,239.0,231.0,231.0,240,242
220,221.0,221.0,234.0,238.0,229.0,230.0,240,242
221,220.0,222.0,234.0,238.0,226.0,231.0,239,242
222,219.0,223.0,234.0,237.0,226.0,233.0,238,242
223,220.0,222.0,233.0,238.0,228.0,230.0,240,242
224,219.0,221.0,233.0,237.0,225.0,230.0,238,242
225,218.0,222.0,233.0,236.0,225.0,232.0,237,241
226,219.0,221.0,233.0,237.0,228.0,229.0,239,241
227,219.0,220.0,233.0,237.0,229.0,229.0,239,241
228,218.0,219.0,232.0,236.0,227.0,228.0,239,241
229,217.0,219.0,232.0,236.0,224.0,229.0,238,241
230,216.0,220.0,232.0,236.0,224.0,231.0,237,241
231,216.0,219.0,232.0,236.0,223.0,231.0,237,241
232,215.0,219.0,232.0,235.0,223.0,231.0,236,241
233,216.0,218.0,232.0,236.0,226.0,227.0,238,240
234,216.0,217.0,232.0,236.0,227.0,227.0,238,240
235,215.0,216.0,231.0,235.0,225.0,226.0,237,239
236,214.0,216.0,231.0,235.0,221.0,227.0,236,239
237,213.0,217.0,230.0,234.0,221.0,229.0,235,239
238,214.0,216.0,230.0,235.0,220.0,226.0,236,239
239,213.0,217.0,230.0,234.0,220.0,229.0,235,239
240,214.0,216.0,230.0,234.0,224.0,225.0,237,239
241,214.0,215.0,230.0,234.0,225.0,225.0,237,239
242,213.0,214.0,229.0,233.0,223.0,224.0,236,238
243,212.0,214.0,229.0,233.0,219.0,225.0,235,238
244,211.0,215.0,229.0,233.0,219.0,228.0,234,238
245,211.0,214.0,229.0,233.0,222.0,224.0,236,238
246,210.0,213.0,229.0,233.0,218.0,228.0,235,238
247,209.0,213.0,229.0,233.0,218.0,228.0,234,238
248,210.0,212.0,229.0,233.0,222.0,223.0,236,238
249,209.0,211.0,228.0,233.0,221.0,222.0,235,238
250,208.0,210.0,228.0,232.0,217.0,227.0,234,237
251,207.0,211.0,228.0,232.0,217.0,227.0,233,237
252,208.0,210.0,227.0,232.0,221.0,222.0,235,237
253,208.0,210.0,227.0,232.0,217.0,223.0,234,237
254,207.0,211.0,227.0,231.0,217.0,226.0,233,237
255,208.0,210.0,227.0,231.0,221.0,222.0,235,237
256,208.0,209.0,227.0,231.0,221.0,221.0,235,237
257,207.0,208.0,226.0,230.0,219.0,221.0,234,236
258,206.0,208.0,226.0,230.0,215.0,225.0,233,236
259,205.0,209.0,226.0,230.0,215.0,225.0,232,236
260,205.0,208.0,226.0,230.0,214.0,224.0,232,236
261,204.0,208.0,226.0,230.0,214.0,224.0,231,236
262,205.0,207.0,226.0,230.0,218.0,219.0,233,235
263,205.0,206.0,226.0,230.0,219.0,219.0,233,235
264,204.0,205.0,225.0,229.0,217.0,218.0,232,234
265,203.0,205.0,225.0,229.0,213.0,223.0,231,234
266,202.0,206.0,224.0,229.0,213.0,223.0,230,234
267,202.0,205.0,224.0,229.0,211.0,223.0,231,234
268,201.0,205.0,224.0,229.0,211.0,223.0,230,234
269,202.0,204.0,224.0,228.0,216.0,217.0,232,234
270,202.0,203.0,224.0,228.0,217.0,217.0,232,234
271,201.0,202.0,223.0,227.0,215.0,216.0,231,233
272,200.0,202.0,223.0,227.0,210.0,222.0,230,233
273,199.0,203.0,223.0,227.0,210.0,222.0,229,233
274,200.0,202.0,223.0,227.0,214.0,216.0,231,233
275,199.0,201.0,223.0,227.0,209.0,221.0,230,233
276,198.0,202.0,223.0,227.0,209.0,221.0,229,233
277,199.0,201.0,223.0,227.0,214.0,215.0,231,233
278,200.0,201.0,223.0,227.0,216.0,216.0,231,233
279,201.0,201.0,226.0,226.0,216.0,216.0,231,231
280,201.0,201.0,226.0,226.0,216.0,216.0,231,231
281,202.0,202.0,226.0,226.0,217.0,217.0,231,231
282,202.0,202.0,226.0,226.0,217.0,217.0,232,232
283,203.0,204.0,223.0,231.0,218.0,219.0,232,236
284,203.0,205.0,223.0,231.0,216.0,221.0,232,236
285,202.0,206.0,223.0,230.0,216.0,221.0,231,236
286,201.0,207.0,223.0,228.0,214.0,222.0,229,236
287,200.0,208.0,223.0,227.0,214.0,222.0,228,236
288,201.0,208.0,223.0,229.0,215.0,222.0,230,239
289,202.0,207.0,223.0,231.0,214.0,221.0,232,239
290,203.0,208.0,223.0,233.0,214.0,222.0,234,239
291,202.0,207.0,223.0,233.0,217.0,219.0,236,239
292,195.0,206.0,224.0,232.0,211.0,216.0,233,239
293,193.0,199.0,224.0,228.0,206.0,218.0,231,234
294,193.0,197.0,224.0,228.0,206.0,218.0,230,234
295,194.0,196.0,224.0,228.0,211.0,213.0,232,234
296,195.0,197.0,224.0,228.0,208.0,218.0,229,234
297,194.0,198.0,224.0,228.0,208.0,218.0,229,233
298,195.0,197.0,224.0,228.0,212.0,213.0,231,233
299,196.0,196.0,224.0,228.0,212.0,213.0,231,234
300,195.0,197.0,224.0,228.0,207.0,219.0,230,234
301,194.0,198.0,224.0,228.0,207.0,219.0,230,234
302,195.0,197.0,224.0,228.0,212.0,213.0,232,234
303,196.0,196.0,224.0,228.0,211.0,212.0,232,234
304,195.0,197.0,224.0,228.0,207.0,217.0,230,234
305,194.0,198.0,224.0,228.0,207.0,217.0,230,234
306,195.0,197.0,224.0,228.0,211.0,212.0,232,234
307,195.0,197.0,224.0,228.0,207.0,217.0,230,234
308,194.0,198.0,224.0,228.0,207.0,217.0,230,234
309,195.0,197.0,224.0,228.0,211.0,212.0,232,234
310,196.0,197.0,224.0,228.0,211.0,212.0,232,234
311,196.0,198.0,224.0,228.0,207.0,217.0,229,235
312,195.0,199.0,224.0,228.0,207.0,217.0,229,235
313,196.0,198.0,224.0,228.0,211.0,212.0,232,234
314,197.0,197.0,224.0,228.0,211.0,212.0,232,235
315,196.0,198.0,224.0,228.0,207.0,217.0,231,235
316,195.0,199.0,224.0,228.0,207.0,217.0,231,235
317,196.0,198.0,224.0,229.0,211.0,212.0,233,235
318,197.0,199.0,224.0,229.0,207.0,217.0,231,235
319,196.0,200.0,225.0,229.0,207.0,217.0,231,235
320,197.0,199.0,225.0,229.0,211.0,212.0,233,235
321,198.0,198.0,224.0,229.0,211.0,212.0,233,235
322,197.0,199.0,224.0,228.0,207.0,217.0,231,235
323,196.0,200.0,224.0,228.0,207.0,217.0,231,235
324,197.0,199.0,224.0,228.0,211.0,212.0,233,235
325,198.0,199.0,224.0,228.0,211.0,212.0,232,235
326,198.0,200.0,224.0,228.0,207.0,217.0,230,234
327,197.0,201.0,224.0,228.0,207.0,217.0,230,234
328,198.0,200.0,224.0,228.0,211.0,212.0,232,234
329,197.0,199.0,224.0,228.0,207.0,217.0,230,234
330,196.0,200.0,224.0,228.0,207.0,217.0,230,234
331,197.0,199.0,224.0,228.0,211.0,212.0,232,234
332,198.0,198.0,223.0,228.0,211.0,212.0,232,234
333,197.0,199.0,223.0,227.0,207.0,217.0,230,234
334,196.0,200.0,223.0,227.0,207.0,217.0,230,234
335,197.0,199.0,223.0,227.0,211.0,212.0,232,234
336,198.0,198.0,223.0,227.0,210.0,211.0,231,234
337,197.0,199.0,223.0,227.0,206.0,216.0,229,233
338,196.0,200.0,223.0,227.0,206.0,216.0,229,233
339,197.0,199.0,223.0,227.0,210.0,211.0,231,233
340,197.0,198.0,223.0,227.0,209.0,210.0,231,233
341,196.0,198.0,223.0,227.0,205.0,215.0,229,233
342,195.0,199.0,223.0,227.0,205.0,215.0,229,233
343,196.0,198.0,222.0,227.0,209.0,210.0,231,233
344,196.0,198.0,222.0,227.0,205.0,215.0,228,233
345,195.0,199.0,222.0,226.0,205.0,215.0,228,232
346,196.0,198.0,222.0,226.0,209.0,210.0,230,232
347,196.0,197.0,221.0,226.0,208.0,209.0,230,232
348,195.0,197.0,221.0,225.0,204.0,214.0,228,232
349,194.0,198.0,221.0,225.0,204.0,214.0,228,232
350,195.0,197.0,221.0,225.0,207.0,209.0,230,232
351,194.0,196.0,221.0,225.0,203.0,213.0,227,232
352,193.0,197.0,221.0,225.0,203.0,213.0,227,231
353,194.0,196.0,221.0,225.0,207.0,208.0,229,231
354,193.0,195.0,219.0,225.0,206.0,207.0,229,231
355,192.0,194.0,219.0,223.0,202.0,212.0,227,231
356,191.0,195.0,219.0,223.0,202.0,212.0,227,231
357,192.0,194.0,219.0,223.0,206.0,207.0,229,231
358,192.0,193.0,219.0,223.0,205.0,206.0,228,231
359,191.0,193.0,219.0,223.0,201.0,211.0,226,230
360,190.0,194.0,219.0,223.0,201.0,211.0,226,230
361,191.0,193.0,218.0,223.0,204.0,206.0,228,230
362,190.0,192.0,218.0,223.0,200.0,210.0,225,230
363,189.0,193.0,218.0,222.0,200.0,210.0,225,229
364,190.0,192.0,218.0,222.0,204.0,205.0,227,229
365,189.0,191.0,216.0,222.0,203.0,204.0,226,229
366,188.0,190.0,216.0,220.0,198.0,210.0,224,228
367,187.0,191.0,216.0,220.0,198.0,210.0,224,228
368,188.0,190.0,216.0,220.0,203.0,204.0,226,228
369,188.0,189.0,216.0,220.0,202.0,203.0,226,228
370,187.0,189.0,216.0,220.0,197.0,209.0,223,229
371,186.0,190.0,216.0,220.0,197.0,209.0,223,229
372,187.0,189.0,216.0,220.0,202.0,203.0,226,228
373,186.0,188.0,215.0,220.0,201.0,202.0,225,228
374,185.0,187.0,215.0,219.0,197.0,207.0,222,228
375,184.0,188.0,215.0,219.0,197.0,207.0,222,228
376,185.0,187.0,213.0,219.0,199.0,202.0,225,227
377,184.0,186.0,213.0,219.0,195.0,205.0,222,228
378,183.0,187.0,213.0,217.0,195.0,205.0,222,228
379,184.0,186.0,213.0,217.0,199.0,200.0,224,227
380,183.0,185.0,212.0,217.0,198.0,199.0,224,227
381,182.0,184.0,212.0,216.0,194.0,204.0,221,225
382,181.0,185.0,212.0,216.0,194.0,204.0,221,225
383,182.0,184.0,212.0,216.0,198.0,199.0,223,225
384,181.0,183.0,211.0,216.0,197.0,198.0,223,225
385,180.0,182.0,211.0,215.0,193.0,203.0,221,225
386,179.0,183.0,211.0,215.0,193.0,203.0,221,225
387,178.0,182.0,210.0,215.0,196.0,198.0,223,225
388,177.0,181.0,210.0,215.0,192.0,202.0,219,225
389,176.0,180.0,210.0,214.0,192.0,202.0,219,225
390,177.0,179.0,210.0,214.0,196.0,197.0,222,224
391,175.0,178.0,209.0,214.0,194.0,196.0,221,224
392,174.0,176.0,209.0,213.0,190.0,200.0,218,224
393,173.0,177.0,209.0,213.0,190.0,200.0,218,224
394,174.0,176.0,209.0,213.0,194.0,195.0,221,223
395,173.0,175.0,208.0,213.0,192.0,194.0,221,223
396,172.0,174.0,208.0,212.0,188.0,198.0,218,224
397,171.0,175.0,208.0,212.0,188.0,198.0,218,224
398,169.0,174.0,207.0,212.0,190.0,193.0,220,223
399,168.0,173.0,207.0,212.0,185.0,197.0,216,223
400,167.0,171.0,207.0,211.0,185.0,197.0,216,222
401,168.0,170.0,207.0,211.0,190.0,191.0,219,221
402,168.0,169.0,205.0,211.0,189.0,190.0,218,221
403,167.0,169.0,205.0,209.0,184.0,196.0,215,221
404,166.0,170.0,205.0,209.0,184.0,196.0,215,221
405,167.0,169.0,205.0,209.0,189.0,190.0,218,220
406,164.0,168.0,204.0,209.0,186.0,188.0,217,220
407,163.0,165.0,204.0,208.0,181.0,193.0,214,220
408,162.0,166.0,204.0,208.0,181.0,193.0,214,220
409,160.0,165.0,203.0,208.0,184.0,187.0,217,219
410,159.0,164.0,203.0,208.0,180.0,190.0,213,219
411,158.0,162.0,203.0,207.0,180.0,190.0,213,219
412,159.0,161.0,203.0,207.0,184.0,185.0,216,218
413,156.0,160.0,202.0,207.0,182.0,184.0,215,218
414,155.0,157.0,202.0,206.0,178.0,188.0,212,218
415,154.0,158.0,202.0,206.0,178.0,188.0,212,218
416,155.0,157.0,202.0,206.0,182.0,183.0,215,217
417,152.0,156.0,200.0,206.0,180.0,182.0,214,217
418,150.0,154.0,200.0,204.0,175.0,187.0,211,217
419,150.0,154.0,200.0,204.0,175.0,187.0,211,217
420,149.0,153.0,198.0,204.0,178.0,181.0,214,216
421,148.0,152.0,198.0,204.0,173.0,185.0,210,216
422,147.0,151.0,198.0,202.0,173.0,185.0,210,216
423,148.0,150.0,198.0,202.0,178.0,179.0,213,215
424,144.0,149.0,197.0,202.0,175.0,177.0,212,215
425,143.0,145.0,197.0,201.0,170.0,182.0,209,215
426,142.0,146.0,197.0,201.0,170.0,182.0,209,215
427,143.0,145.0,197.0,201.0,175.0,176.0,211,214
428,141.0,144.0,196.0,201.0,173.0,175.0,211,214
429,140.0,142.0,196.0,200.0,168.0,180.0,207,213
430,139.0,143.0,196.0,200.0,168.0,180.0,207,213
431,137.0,142.0,194.0,200.0,170.0,174.0,210,212
432,136.0,141.0,194.0,200.0,165.0,177.0,206,212
433,135.0,139.0,194.0,198.0,165.0,177.0,206,212
434,136.0,138.0,194.0,198.0,170.0,171.0,209,211
435,132.0,137.0,193.0,198.0,166.0,169.0,208,211
436,131.0,133.0,193.0,197.0,160.0,174.0,205,211
437,130.0,134.0,193.0,197.0,160.0,174.0,205,211
438,131.0,133.0,193.0,197.0,166.0,167.0,208,210
439,128.0,132.0,191.0,197.0,164.0,166.0,207,210
440,127.0,129.0,191.0,195.0,157.0,173.0,204,210
441,126.0,130.0,191.0,195.0,157.0,173.0,204,210
442,127.0,129.0,191.0,195.0,164.0,165.0,206,209
443,124.0,128.0,190.0,195.0,161.0,163.0,206,209
444,122.0,126.0,190.0,194.0,154.0,170.0,201,209
445,122.0,126.0,190.0,194.0,154.0,170.0,201,209
446,121.0,125.0,189.0,194.0,158.0,162.0,205,207
447,120.0,124.0,189.0,194.0,150.0,168.0,201,209
448,119.0,123.0,189.0,193.0,150.0,168.0,201,209
449,120.0,122.0,189.0,193.0,158.0,159.0,204,207
450,117.0,121.0,186.0,193.0,156.0,158.0,204,207
451,114.0,120.0,186.0,190.0,148.0,166.0,199,207
452,114.0,120.0,186.0,190.0,148.0,166.0,199,207
453,116.0,118.0,186.0,190.0,156.0,157.0,203,205
454,115.0,117.0,185.0,190.0,153.0,155.0,202,205
455,113.0,117.0,185.0,189.0,145.0,163.0,198,206
456,113.0,117.0,185.0,189.0,145.0,163.0,198,206
457,111.0,116.0,184.0,189.0,150.0,154.0,202,204
458,110.0,115.0,184.0,189.0,141.0,161.0,198,206
459,109.0,113.0,184.0,188.0,141.0,161.0,198,206
460,110.0,112.0,184.0,188.0,150.0,151.0,201,204
461,108.0,111.0,182.0,188.0,147.0,149.0,201,204
462,107.0,109.0,182.0,186.0,138.0,158.0,196,204
463,106.0,110.0,182.0,186.0,138.0,158.0,196,204
464,107.0,109.0,182.0,186.0,147.0,148.0,200,202
465,104.0,108.0,181.0,186.0,144.0,146.0,200,202
466,103.0,105.0,181.0,185.0,134.0,156.0,196,204
467,102.0,106.0,181.0,185.0,134.0,156.0,196,204
468,103.0,105.0,180.0,185.0,142.0,145.0,199,202
469,102.0,104.0,180.0,185.0,131.0,155.0,194,202
470,101.0,105.0,180.0,184.0,131.0,155.0,194,202
471,102.0,104.0,180.0,184.0,142.0,143.0,198,200
472,100.0,103.0,178.0,184.0,140.0,142.0,197,200
473,99.0,101.0,178.0,182.0,128.0,154.0,193,201
474,98.0,102.0,178.0,182.0,128.0,154.0,193,201
475,97.0,101.0,177.0,182.0,138.0,141.0,197,199
476,96.0,100.0,177.0,182.0,126.0,152.0,191,201
477,95.0,99.0,177.0,181.0,126.0,152.0,191,201
478,96.0,98.0,177.0,181.0,138.0,139.0,196,198
479,95.0,97.0,175.0,181.0,135.0,137.0,195,198
480,93.0,97.0,175.0,179.0,123.0,149.0,190,200
481,93.0,97.0,175.0,179.0,123.0,149.0,190,200
482,94.0,96.0,175.0,179.0,135.0,136.0,194,197
483,92.0,95.0,174.0,179.0,133.0,135.0,194,197
484,89.0,95.0,174.0,178.0,120.0,148.0,188,198
485,89.0,95.0,174.0,178.0,120.0,148.0,188,198
486,91.0,93.0,174.0,178.0,133.0,134.0,193,195
487,90.0,92.0,172.0,178.0,131.0,133.0,193,195
488,89.0,91.0,172.0,176.0,118.0,146.0,188,198
489,88.0,92.0,172.0,176.0,118.0,146.0,188,198
490,87.0,91.0,171.0,176.0,128.0,132.0,193,195
491,85.0,90.0,171.0,176.0,115.0,143.0,188,196
492,85.0,89.0,171.0,175.0,115.0,143.0,188,196
493,86.0,88.0,171.0,175.0,128.0,129.0,192,194
494,85.0,87.0,171.0,175.0,126.0,128.0,191,194
495,83.0,87.0,171.0,175.0,112.0,142.0,186,196
496,83.0,87.0,171.0,175.0,112.0,142.0,186,196
497,84.0,86.0,171.0,175.0,126.0,127.0,191,193
498,83.0,85.0,169.0,175.0,124.0,126.0,190,193
499,80.0,86.0,169.0,173.0,111.0,139.0,185,195
500,80.0,86.0,169.0,173.0,111.0,139.0,185,195
501,81.0,84.0,169.0,173.0,122.0,125.0,190,192
502,78.0,84.0,169.0,173.0,109.0,137.0,186,194
503,78.0,84.0,169.0,173.0,109.0,137.0,186,194
504,80.0,82.0,169.0,173.0,122.0,123.0,189,192
505,80.0,81.0,167.0,173.0,120.0,122.0,189,192
506,77.0,83.0,167.0,171.0,107.0,135.0,184,192
507,77.0,83.0,167.0,171.0,107.0,135.0,184,192
508,79.0,81.0,167.0,171.0,120.0,121.0,188,190
509,77.0,80.0,166.0,171.0,119.0,120.0,187,190
510,74.0,80.0,166.0,170.0,104.0,136.0,183,191
511,74.0,80.0,166.0,170.0,104.0,136.0,183,191
512,76.0,78.0,165.0,170.0,117.0,120.0,187,189
513,74.0,78.0,165.0,170.0,103.0,133.0,182,190
514,74.0,78.0,165.0,169.0,103.0,133.0,182,190
515,75.0,77.0,165.0,169.0,117.0,118.0,186,188
516,74.0,76.0,164.0,169.0,115.0,117.0,186,188
517,69.0,79.0,164.0,168.0,100.0,132.0,182,190
518,69.0,79.0,164.0,168.0,100.0,132.0,182,190
519,73.0,75.0,164.0,168.0,115.0,116.0,185,188
520,72.0,74.0,163.0,168.0,114.0,115.0,185,188
521,66.0,78.0,162.0,168.0,99.0,131.0,179,189
522,66.0,78.0,162.0,168.0,99.0,131.0,179,189
523,71.0,73.0,163.0,167.0,112.0,115.0,184,186
524,70.0,74.0,163.0,167.0,97.0,129.0,179,189
525,70.0,74.0,163.0,167.0,97.0,129.0,179,189
526,71.0,73.0,163.0,167.0,112.0,113.0,184,186
527,71.0,72.0,163.0,167.0,110.0,112.0,183,186
528,67.0,75.0,163.0,167.0,95.0,127.0,179,187
529,67.0,75.0,163.0,167.0,95.0,127.0,179,187
530,70.0,72.0,163.0,167.0,110.0,111.0,183,185
531,70.0,71.0,162.0,167.0,109.0,110.0,182,185
532,67.0,73.0,162.0,166.0,94.0,126.0,177,187
533,67.0,73.0,162.0,166.0,94.0,126.0,177,187
534,68.0,71.0,160.0,166.0,107.0,110.0,182,184
535,64.0,72.0,160.0,166.0,92.0,124.0,176,186
536,64.0,72.0,160.0,164.0,92.0,124.0,176,186
537,67.0,69.0,160.0,164.0,107.0,108.0,181,183
538,68.0,68.0,160.0,164.0,107.0,107.0,181,183
539,67.0,67.0,161.0,161.0,107.0,107.0,181,181
540,67.0,67.0,158.0,162.0,105.0,107.0,181,183
541,63.0,71.0,158.0,162.0,89.0,123.0,177,185
542,63.0,71.0,158.0,162.0,89.0,123.0,177,185
543,65.0,68.0,158.0,162.0,105.0,106.0,181,183
544,61.0,69.0,158.0,162.0,90.0,122.0,176,184
545,61.0,69.0,158.0,162.0,90.0,122.0,176,184
546,64.0,66.0,158.0,162.0,105.0,106.0,180,182
547,63.0,65.0,156.0,162.0,102.0,104.0,179,182
548,59.0,67.0,156.0,160.0,85.0,121.0,175,183
549,59.0,67.0,156.0,160.0,85.0,121.0,175,183
550,62.0,64.0,155.0,160.0,101.0,103.0,179,181
551,60.0,66.0,155.0,160.0,84.0,120.0,175,183
552,60.0,66.0,155.0,159.0,84.0,120.0,175,183
553,62.0,64.0,155.0,159.0,101.0,102.0,179,181
554,63.0,63.0,155.0,159.0,102.0,102.0,179,181
555,63.0,63.0,154.0,158.0,100.0,101.0,178,180
556,59.0,67.0,154.0,158.0,83.0,119.0,174,182
557,59.0,67.0,153.0,158.0,83.0,119.0,174,182
558,59.0,65.0,152.0,158.0,81.0,117.0,175,181
559,59.0,65.0,152.0,158.0,81.0,117.0,175,181
560,61.0,63.0,153.0,157.0,98.0,99.0,178,180
561,61.0,62.0,153.0,157.0,99.0,99.0,177,180
562,60.0,61.0,151.0,155.0,97.0,98.0,177,178
563,56.0,64.0,150.0,156.0,80.0,116.0,172,180
564,56.0,64.0,150.0,156.0,80.0,116.0,172,180
565,56.0,62.0,151.0,155.0,81.0,115.0,172,180
566,56.0,62.0,151.0,155.0,81.0,115.0,172,180
567,58.0,60.0,151.0,155.0,97.0,104.0,176,178
568,58.0,59.0,151.0,155.0,105.0,108.0,175,178
569,57.0,58.0,150.0,154.0,109.0,118.0,175,176
570,53.0,61.0,150.0,154.0,107.0,129.0,170,178
571,53.0,61.0,150.0,154.0,107.0,129.0,170,178
572,56.0,58.0,148.0,154.0,102.0,118.0,174,176
573,53.0,61.0,147.0,154.0,96.0,110.0,171,177
574,53.0,61.0,147.0,153.0,96.0,110.0,171,177
575,56.0,58.0,148.0,152.0,102.0,104.0,174,176
576,57.0,57.0,146.0,152.0,104.0,106.0,174,176
577,52.0,62.0,146.0,150.0,104.0,108.0,171,177
578,52.0,62.0,146.0,150.0,104.0,108.0,171,177
579,56.0,58.0,145.0,150.0,104.0,106.0,174,176
580,50.0,64.0,144.0,150.0,102.0,108.0,171,177
581,50.0,64.0,144.0,150.0,102.0,108.0,171,177
582,56.0,58.0,145.0,149.0,104.0,105.0,174,176
583,56.0,57.0,145.0,149.0,105.0,105.0,173,176
584,55.0,56.0,145.0,149.0,103.0,104.0,173,174
585,51.0,59.0,145.0,149.0,100.0,108.0,168,176
586,51.0,59.0,143.0,149.0,100.0,108.0,168,176
587,50.0,60.0,142.0,149.0,101.0,105.0,168,174
588,50.0,60.0,142.0,149.0,101.0,105.0,168,174
589,54.0,56.0,143.0,147.0,102.0,103.0,171,173
590,54.0,55.0,143.0,147.0,102.0,102.0,171,173
591,53.0,54.0,142.0,146.0,99.0,101.0,171,173
592,47.0,59.0,142.0,146.0,98.0,102.0,168,174
593,47.0,59.0,141.0,146.0,98.0,102.0,168,174
594,48.0,58.0,141.0,146.0,96.0,104.0,167,173
595,48.0,58.0,141.0,146.0,96.0,104.0,167,173
596,52.0,54.0,141.0,145.0,99.0,100.0,170,172
597,53.0,53.0,141.0,145.0,98.0,98.0,170,172
598,53.0,53.0,139.0,143.0,94.0,97.0,169,171
599,51.0,55.0,138.0,144.0,89.0,101.0,166,172
600,51.0,55.0,138.0,144.0,89.0,101.0,166,172
601,52.0,54.0,139.0,143.0,90.0,95.0,169,171
602,50.0,56.0,137.0,145.0,79.0,103.0,165,173
603,50.0,56.0,137.0,145.0,79.0,103.0,165,173
604,52.0,54.0,139.0,143.0,90.0,91.0,169,171
605,52.0,53.0,139.0,143.0,90.0,90.0,169,171
606,51.0,52.0,138.0,142.0,87.0,89.0,168,170
607,46.0,56.0,137.0,143.0,75.0,101.0,164,172
608,46.0,56.0,137.0,143.0,75.0,101.0,164,172
609,46.0,56.0,136.0,142.0,74.0,102.0,163,171
610,46.0,56.0,136.0,142.0,74.0,102.0,163,171
611,50.0,52.0,137.0,141.0,87.0,88.0,167,169
612,51.0,51.0,137.0,141.0,87.0,87.0,166,169
613,50.0,50.0,135.0,139.0,85.0,87.0,166,167
614,46.0,54.0,134.0,140.0,72.0,100.0,160,170
615,46.0,54.0,134.0,140.0,72.0,100.0,160,170
616,49.0,51.0,135.0,139.0,85.0,86.0,165,167
617,50.0,50.0,135.0,139.0,86.0,86.0,165,167
618,49.0,49.0,132.0,136.0,84.0,85.0,164,166
619,45.0,53.0,131.0,137.0,73.0,97.0,161,167
620,45.0,53.0,131.0,137.0,73.0,97.0,161,167
621,45.0,53.0,131.0,137.0,72.0,98.0,160,166
622,45.0,53.0,131.0,137.0,72.0,98.0,160,166
623,48.0,50.0,132.0,136.0,84.0,85.0,163,165
624,49.0,49.0,132.0,136.0,85.0,85.0,163,165
625,48.0,48.0,132.0,136.0,83.0,84.0,162,164
626,45.0,51.0,129.0,139.0,73.0,95.0,159,165
627,45.0,51.0,129.0,139.0,73.0,95.0,159,165
628,46.0,50.0,130.0,136.0,71.0,95.0,159,165
629,46.0,50.0,130.0,136.0,71.0,95.0,159,165
630,47.0,49.0,131.0,135.0,82.0,83.0,162,164
631,47.0,48.0,131.0,135.0,82.0,82.0,161,164
632,46.0,47.0,129.0,133.0,79.0,81.0,161,162
633,43.0,49.0,128.0,134.0,68.0,92.0,156,164
634,43.0,49.0,128.0,134.0,68.0,92.0,156,164
635,45.0,47.0,128.0,133.0,79.0,80.0,160,163
636,42.0,48.0,126.0,134.0,68.0,92.0,158,164
637,42.0,48.0,126.0,134.0,68.0,92.0,158,164
638,44.0,46.0,128.0,132.0,79.0,80.0,160,163
639,45.0,45.0,126.0,132.0,78.0,79.0,160,163
640,42.0,48.0,124.0,132.0,67.0,91.0,156,162
641,42.0,48.0,124.0,132.0,67.0,91.0,156,162
642,44.0,46.0,125.0,130.0,78.0,79.0,158,161
643,41.0,47.0,122.0,132.0,66.0,92.0,154,161
644,41.0,47.0,122.0,132.0,66.0,92.0,154,160
645,43.0,45.0,125.0,129.0,78.0,79.0,157,159
646,44.0,44.0,125.0,129.0,78.0,78.0,157,159
647,44.0,44.0,123.0,127.0,76.0,78.0,157,159
648,42.0,46.0,122.0,128.0,64.0,90.0,155,159
649,42.0,46.0,122.0,128.0,64.0,90.0,155,159
650,41.0,47.0,119.0,129.0,63.0,87.0,154,159
651,41.0,47.0,119.0,129.0,63.0,87.0,154,159
652,43.0,45.0,122.0,126.0,74.0,75.0,156,158
653,44.0,44.0,122.0,126.0,74.0,74.0,156,158
654,45.0,45.0,120.0,124.0,72.0,74.0,155,157
655,44.0,46.0,117.0,127.0,61.0,85.0,153,157
656,43.0,47.0,117.0,127.0,61.0,85.0,153,157
657,42.0,46.0,115.0,127.0,60.0,84.0,152,158
658,41.0,45.0,115.0,127.0,60.0,84.0,152,158
659,42.0,44.0,119.0,123.0,71.0,72.0,155,157
660,43.0,43.0,119.0,123.0,71.0,71.0,154,157
661,42.0,42.0,117.0,121.0,69.0,71.0,154,155
662,40.0,44.0,113.0,125.0,58.0,82.0,150,156
663,40.0,44.0,113.0,125.0,58.0,82.0,150,156
664,41.0,43.0,116.0,121.0,69.0,70.0,153,155
665,42.0,44.0,113.0,123.0,58.0,82.0,151,155
666,41.0,45.0,113.0,123.0,58.0,82.0,150,154
667,42.0,44.0,116.0,120.0,69.0,70.0,152,154
668,43.0,43.0,116.0,120.0,70.0,70.0,152,154
669,42.0,42.0,115.0,119.0,68.0,69.0,152,154
670,41.0,43.0,111.0,123.0,57.0,81.0,151,154
671,40.0,44.0,111.0,123.0,57.0,81.0,150,154
672,41.0,44.0,110.0,124.0,56.0,80.0,149,154
673,41.0,45.0,110.0,124.0,56.0,80.0,149,154
674,42.0,44.0,115.0,119.0,67.0,68.0,151,153
675,43.0,43.0,115.0,119.0,68.0,68.0,150,153
676,42.0,42.0,113.0,117.0,66.0,67.0,150,151
677,40.0,44.0,107.0,123.0,53.0,81.0,147,151
678,40.0,44.0,107.0,123.0,53.0,81.0,147,151
679,40.0,44.0,108.0,122.0,53.0,79.0,148,151
680,40.0,44.0,108.0,122.0,53.0,79.0,147,151
681,39.0,43.0,113.0,117.0,63.0,66.0,148,151
682,36.0,42.0,111.0,117.0,61.0,62.0,146,151
683,29.0,35.0,105.0,110.0,54.0,60.0,144,145
684,25.0,33.0,97.0,117.0,42.0,68.0,141,145
685,25.0,33.0,97.0,117.0,42.0,68.0,141,146
686,28.0,37.0,100.0,120.0,42.0,70.0,142,146
687,29.0,37.0,100.0,120.0,42.0,70.0,142,146
688,32.0,36.0,108.0,112.0,55.0,58.0,144,146
689,33.0,38.0,108.0,112.0,59.0,59.0,145,146
690,39.0,43.0,111.0,115.0,60.0,63.0,145,148
691,40.0,46.0,107.0,119.0,47.0,79.0,145,148
692,40.0,46.0,107.0,119.0,47.0,79.0,144,148
693,42.0,46.0,110.0,115.0,62.0,66.0,146,148
694,42.0,50.0,107.0,117.0,52.0,80.0,145,148
695,42.0,50.0,107.0,117.0,52.0,80.0,144,148
696,45.0,47.0,110.0,114.0,65.0,66.0,146,148
697,46.0,46.0,110.0,114.0,66.0,66.0,145,148
698,47.0,47.0,108.0,112.0,64.0,65.0,145,146
699,44.0,50.0,105.0,115.0,63.0,80.0,143,146
700,44.0,50.0,105.0,115.0,51.0,80.0,142,146
701,40.0,52.0,104.0,114.0,63.0,78.0,142,146
702,40.0,52.0,104.0,114.0,53.0,78.0,141,146
703,45.0,47.0,107.0,111.0,64.0,65.0,143,145
704,44.0,46.0,107.0,111.0,63.0,63.0,142,145
705,42.0,44.0,104.0,108.0,60.0,63.0,142,143
706,38.0,46.0,101.0,111.0,47.0,75.0,140,143
707,38.0,46.0,101.0,111.0,47.0,75.0,139,143
708,39.0,49.0,103.0,113.0,47.0,77.0,140,143
709,39.0,49.0,103.0,113.0,50.0,77.0,139,143
710,43.0,45.0,106.0,110.0,61.0,62.0,141,143
711,44.0,45.0,106.0,110.0,63.0,63.0,141,143
712,45.0,46.0,103.0,107.0,63.0,64.0,141,143
713,42.0,50.0,100.0,110.0,51.0,77.0,140,143
714,42.0,50.0,100.0,110.0,51.0,77.0,139,143
715,45.0,47.0,103.0,109.0,62.0,64.0,141,143
716,43.0,49.0,103.0,111.0,61.0,77.0,139,143
717,43.0,49.0,103.0,111.0,50.0,77.0,138,142
718,45.0,47.0,105.0,109.0,62.0,63.0,140,142
719,46.0,47.0,101.0,109.0,62.0,63.0,139,142
720,44.0,50.0,98.0,108.0,61.0,76.0,138,141
721,44.0,50.0,98.0,108.0,51.0,76.0,137,141
722,46.0,48.0,101.0,105.0,62.0,63.0,139,141
723,46.0,47.0,101.0,105.0,62.0,62.0,138,141
724,44.0,45.0,101.0,105.0,59.0,61.0,138,139
725,40.0,48.0,97.0,109.0,58.0,75.0,136,139
726,40.0,48.0,97.0,109.0,49.0,75.0,135,139
727,43.0,45.0,101.0,105.0,59.0,60.0,137,139
728,41.0,49.0,98.0,108.0,58.0,75.0,136,139
729,41.0,49.0,98.0,108.0,50.0,75.0,135,139
730,44.0,46.0,101.0,105.0,59.0,60.0,137,139
731,45.0,46.0,101.0,105.0,60.0,60.0,137,139
732,46.0,47.0,99.0,103.0,60.0,61.0,137,139
733,44.0,50.0,95.0,107.0,59.0,76.0,136,139
734,44.0,50.0,95.0,107.0,51.0,76.0,135,139
735,43.0,48.0,94.0,106.0,58.0,76.0,135,139
736,43.0,47.0,94.0,106.0,48.0,76.0,134,139
737,44.0,46.0,98.0,102.0,59.0,60.0,136,138
738,44.0,45.0,98.0,102.0,59.0,59.0,135,138
739,42.0,43.0,97.0,101.0,56.0,58.0,135,136
740,39.0,45.0,94.0,104.0,40.0,74.0,133,136
741,39.0,45.0,94.0,104.0,46.0,74.0,132,136
742,36.0,44.0,92.0,104.0,53.0,71.0,132,136
743,36.0,44.0,92.0,104.0,45.0,71.0,131,136
744,39.0,41.0,96.0,100.0,54.0,56.0,133,135
745,40.0,43.0,96.0,100.0,57.0,57.0,133,135
746,44.0,46.0,96.0,100.0,57.0,59.0,133,135
747,42.0,50.0,92.0,104.0,43.0,75.0,132,135
748,42.0,50.0,92.0,104.0,51.0,75.0,131,135
749,44.0,50.0,94.0,102.0,42.0,74.0,131,135
750,44.0,50.0,94.0,102.0,42.0,74.0,130,135
751,46.0,48.0,96.0,100.0,57.0,58.0,132,134
752,47.0,47.0,96.0,100.0,58.0,58.0,132,134
753,46.0,46.0,93.0,97.0,57.0,58.0,131,133
754,42.0,50.0,89.0,101.0,41.0,75.0,130,133
755,42.0,50.0,89.0,101.0,41.0,75.0,129,133
756,45.0,47.0,93.0,97.0,57.0,59.0,131,133
757,44.0,48.0,90.0,100.0,57.0,74.0,129,133
758,44.0,48.0,90.0,100.0,49.0,74.0,128,132
759,45.0,47.0,93.0,97.0,58.0,59.0,130,132
760,46.0,46.0,93.0,97.0,59.0,59.0,130,132
761,46.0,46.0,90.0,94.0,57.0,58.0,130,132
762,43.0,49.0,87.0,97.0,42.0,74.0,129,132
763,43.0,49.0,87.0,97.0,42.0,74.0,128,132
764,42.0,50.0,85.0,97.0,40.0,74.0,129,132
765,42.0,50.0,85.0,97.0,40.0,74.0,128,132
766,45.0,47.0,89.0,93.0,56.0,57.0,130,132
767,46.0,46.0,89.0,93.0,58.0,58.0,130,132
768,47.0,47.0,89.0,93.0,58.0,59.0,130,132
769,43.0,51.0,86.0,96.0,57.0,75.0,129,132
770,43.0,51.0,86.0,96.0,52.0,75.0,128,132
771,44.0,50.0,84.0,98.0,40.0,74.0,127,132
772,44.0,50.0,84.0,98.0,40.0,74.0,127,132
773,46.0,48.0,89.0,93.0,56.0,57.0,129,131
774,47.0,47.0,89.0,93.0,57.0,57.0,129,131
775,48.0,48.0,87.0,91.0,57.0,58.0,128,130
776,44.0,52.0,83.0,95.0,42.0,74.0,127,130
777,44.0,52.0,83.0,95.0,42.0,74.0,126,130
778,47.0,49.0,87.0,91.0,56.0,58.0,128,130
779,46.0,50.0,84.0,94.0,40.0,74.0,124,130
780,46.0,50.0,84.0,94.0,40.0,74.0,124,130
781,47.0,49.0,87.0,91.0,56.0,57.0,127,129
782,48.0,49.0,86.0,91.0,55.0,56.0,127,129
783,47.0,51.0,82.0,94.0,37.0,75.0,124,130
784,47.0,51.0,82.0,94.0,37.0,75.0,124,130
785,48.0,50.0,85.0,90.0,55.0,56.0,127,129
786,47.0,51.0,81.0,93.0,38.0,74.0,125,129
787,47.0,51.0,81.0,93.0,38.0,74.0,124,128
788,48.0,50.0,85.0,89.0,55.0,56.0,126,128
789,49.0,49.0,85.0,89.0,56.0,56.0,125,128
790,50.0,50.0,86.0,90.0,56.0,57.0,125,126
791,49.0,51.0,82.0,94.0,40.0,74.0,122,126
792,48.0,52.0,82.0,94.0,40.0,74.0,122,126
793,47.0,53.0,80.0,94.0,39.0,75.0,121,126
794,47.0,53.0,80.0,94.0,39.0,75.0,121,126
795,49.0,51.0,85.0,89.0,56.0,57.0,123,125
796,50.0,51.0,85.0,89.0,57.0,57.0,123,125
797,52.0,53.0,84.0,88.0,57.0,58.0,122,124
798,50.0,56.0,80.0,92.0,42.0,74.0,120,124
799,50.0,56.0,80.0,92.0,42.0,74.0,120,124
800,52.0,54.0,79.0,93.0,42.0,74.0,121,124
801,51.0,55.0,79.0,93.0,42.0,74.0,120,124
802,52.0,54.0,84.0,88.0,57.0,59.0,122,124
803,53.0,53.0,84.0,88.0,59.0,59.0,122,124
804,54.0,54.0,84.0,88.0,60.0,61.0,122,124
805,53.0,55.0,80.0,92.0,43.0,79.0,121,124
806,52.0,56.0,80.0,92.0,43.0,79.0,120,124
807,53.0,56.0,84.0,88.0,60.0,61.0,122,124
808,54.0,57.0,80.0,92.0,44.0,78.0,120,124
809,54.0,58.0,80.0,92.0,44.0,78.0,119,123
810,55.0,57.0,84.0,88.0,60.0,61.0,121,123
811,56.0,56.0,84.0,88.0,60.0,61.0,120,123
812,54.0,58.0,77.0,95.0,43.0,79.0,119,122
813,54.0,58.0,77.0,95.0,43.0,76.0,118,122
814,55.0,57.0,83.0,88.0,60.0,61.0,120,122
815,54.0,58.0,77.0,93.0,43.0,79.0,119,122
816,54.0,58.0,77.0,93.0,43.0,76.0,118,122
817,55.0,57.0,83.0,87.0,60.0,61.0,120,122
818,56.0,56.0,83.0,87.0,61.0,61.0,120,122
819,56.0,56.0,84.0,88.0,61.0,62.0,119,121
820,55.0,57.0,74.0,98.0,45.0,79.0,118,121
821,54.0,58.0,74.0,98.0,45.0,73.0,117,121
822,55.0,57.0,84.0,88.0,61.0,62.0,119,121
823,56.0,57.0,84.0,88.0,62.0,62.0,119,121
824,57.0,58.0,83.0,87.0,60.0,61.0,119,121
825,57.0,59.0,76.0,94.0,46.0,62.0,118,121
826,56.0,60.0,76.0,94.0,46.0,75.0,117,121
827,57.0,60.0,74.0,92.0,47.0,79.0,117,121
828,57.0,61.0,74.0,92.0,47.0,73.0,116,121
829,58.0,60.0,81.0,85.0,62.0,63.0,118,120
830,59.0,59.0,81.0,85.0,63.0,63.0,118,120
831,58.0,58.0,82.0,86.0,62.0,63.0,117,119
832,56.0,60.0,76.0,92.0,47.0,79.0,116,119
833,56.0,60.0,76.0,92.0,47.0,75.0,115,119
834,57.0,61.0,75.0,95.0,48.0,80.0,116,119
835,58.0,62.0,75.0,95.0,48.0,74.0,115,119
836,59.0,61.0,83.0,87.0,63.0,64.0,117,119
837,60.0,60.0,83.0,87.0,64.0,64.0,116,119
838,60.0,60.0,82.0,86.0,63.0,64.0,116,117
839,59.0,61.0,74.0,94.0,48.0,80.0,114,117
840,58.0,62.0,74.0,94.0,48.0,73.0,113,117
841,59.0,61.0,82.0,87.0,63.0,64.0,115,117
842,60.0,62.0,75.0,95.0,50.0,78.0,113,117
843,59.0,63.0,75.0,95.0,50.0,74.0,112,116
844,60.0,62.0,83.0,87.0,63.0,64.0,114,116
845,60.0,61.0,81.0,87.0,64.0,65.0,113,116
846,59.0,61.0,74.0,92.0,51.0,79.0,112,115
847,58.0,62.0,74.0,92.0,51.0,73.0,111,115
848,59.0,61.0,81.0,86.0,63.0,65.0,113,115
849,60.0,62.0,76.0,92.0,51.0,77.0,112,115
850,59.0,63.0,76.0,92.0,51.0,75.0,111,115
851,60.0,62.0,82.0,86.0,63.0,64.0,113,115
852,61.0,61.0,82.0,86.0,64.0,64.0,113,115
853,60.0,60.0,82.0,86.0,63.0,64.0,112,114
854,58.0,62.0,76.0,92.0,51.0,77.0,110,114
855,58.0,62.0,76.0,92.0,51.0,75.0,110,114
856,59.0,62.0,72.0,94.0,50.0,78.0,110,114
857,59.0,63.0,72.0,94.0,50.0,71.0,110,114
858,60.0,62.0,81.0,85.0,63.0,64.0,112,114
859,61.0,61.0,81.0,85.0,64.0,64.0,112,114
860,61.0,61.0,80.0,84.0,64.0,65.0,111,113
861,60.0,62.0,72.0,92.0,52.0,78.0,109,113
862,59.0,63.0,72.0,92.0,52.0,71.0,109,113
863,60.0,62.0,72.0,92.0,52.0,78.0,108,113
864,59.0,63.0,72.0,92.0,52.0,71.0,108,113
865,60.0,62.0,80.0,84.0,64.0,65.0,110,112
866,61.0,61.0,80.0,84.0,65.0,65.0,110,112
867,60.0,60.0,80.0,84.0,65.0,66.0,109,111
868,58.0,62.0,71.0,93.0,54.0,78.0,106,112
869,58.0,62.0,71.0,93.0,54.0,70.0,106,112
870,59.0,61.0,80.0,85.0,65.0,66.0,109,111
871,59.0,63.0,72.0,94.0,55.0,77.0,105,111
872,59.0,63.0,72.0,94.0,55.0,71.0,105,111
873,60.0,62.0,81.0,85.0,65.0,66.0,108,110
874,61.0,62.0,80.0,85.0,66.0,67.0,108,110
875,60.0,64.0,72.0,92.0,56.0,78.0,104,112
876,60.0,64.0,72.0,92.0,56.0,71.0,104,112
877,61.0,63.0,80.0,85.0,66.0,67.0,108,110
878,58.0,64.0,73.0,93.0,55.0,79.0,104,112
879,58.0,64.0,73.0,93.0,55.0,72.0,104,112
880,60.0,62.0,81.0,85.0,66.0,67.0,108,110
881,61.0,61.0,81.0,85.0,67.0,67.0,108,110
882,62.0,62.0,79.0,83.0,65.0,66.0,107,109
883,61.0,63.0,72.0,90.0,54.0,78.0,102,112
884,60.0,64.0,72.0,90.0,54.0,71.0,102,112
885,61.0,63.0,70.0,90.0,54.0,67.0,102,112
886,60.0,64.0,70.0,90.0,54.0,69.0,102,112
887,61.0,63.0,78.0,82.0,65.0,66.0,107,109
888,62.0,62.0,78.0,82.0,66.0,66.0,107,109
889,63.0,63.0,80.0,84.0,66.0,67.0,107,109
890,62.0,64.0,73.0,91.0,56.0,78.0,102,112
891,61.0,65.0,73.0,91.0,56.0,72.0,102,112
892,62.0,65.0,69.0,91.0,56.0,68.0,100,112
893,62.0,66.0,69.0,91.0,56.0,68.0,100,112
894,63.0,65.0,78.0,82.0,67.0,68.0,106,108
895,64.0,64.0,78.0,82.0,68.0,68.0,106,108
896,64.0,64.0,77.0,81.0,67.0,68.0,105,107
897,63.0,65.0,68.0,90.0,55.0,69.0,100,110
898,62.0,66.0,68.0,90.0,55.0,67.0,100,110
899,63.0,65.0,77.0,82.0,67.0,68.0,104,107
900,60.0,66.0,68.0,92.0,56.0,69.0,98,108
901,60.0,66.0,68.0,92.0,56.0,67.0,98,108
902,62.0,64.0,78.0,82.0,67.0,68.0,103,105
903,63.0,63.0,78.0,82.0,68.0,68.0,103,105
904,62.0,62.0,79.0,83.0,67.0,68.0,103,105
905,60.0,64.0,72.0,90.0,56.0,69.0,98,108
906,55.0,64.0,68.0,90.0,56.0,67.0,98,108
907,53.0,63.0,58.0,83.0,47.0,67.0,94,105
908,53.0,57.0,58.0,83.0,47.0,52.0,94,105
909,53.0,56.0,68.0,72.0,59.0,61.0,96,99
910,51.0,55.0,68.0,72.0,58.0,58.0,94,99
911,47.0,50.0,66.0,70.0,53.0,57.0,92,93
912,46.0,49.0,56.0,80.0,40.0,55.0,89,93
913,45.0,53.0,56.0,80.0,40.0,55.0,89,98
914,46.0,55.0,63.0,81.0,45.0,60.0,91,99
915,47.0,55.0,63.0,81.0,45.0,62.0,93,99
916,52.0,55.0,70.0,74.0,58.0,61.0,96,98
917,53.0,57.0,70.0,76.0,62.0,63.0,98,98
918,58.0,62.0,77.0,82.0,64.0,68.0,99,103
919,60.0,63.0,71.0,89.0,56.0,69.0,96,106
920,60.0,64.0,71.0,89.0,56.0,70.0,96,106
921,61.0,63.0,78.0,82.0,67.0,68.0,101,103
922,60.0,62.0,73.0,87.0,56.0,69.0,94,106
923,59.0,63.0,73.0,87.0,56.0,72.0,94,106
924,60.0,62.0,78.0,82.0,67.0,68.0,100,102
925,61.0,61.0,78.0,82.0,67.0,68.0,102,102
